"id","user_id","type","first_name","last_name","preferred_name","address","city","country","birthday","email","phone","gender","incident_type","incident_date"
"1","1","sunt","Alessandra","Gerlach","Modesta","558 Sipes Crossing Suite 276 Susieland, CO 21719","South Karen","US","03/12/1983","verla.tillman@example.net","13476752687","female","odit","04/04/2007"
"2","1","excepturi","Theodora","Nader","Maude","4244 Vivien Mission Schaeferview, AZ 87416","Vandervortfurt","US","12/14/1986","eosinski@example.net","19599650000","female","necessitatibus","04/15/2010"
"3","7","amet","Miller","Klein","Jevon","26493 Emmett Shoals Suite 681 Port Brannonview, DE 67990","West Taniabury","US","12/29/1996","shaniya.thiel@example.org","14849552286","male","reprehenderit","09/28/1982"
"4","10","ipsum","Teagan","Willms","Lauriane","87449 Wyatt Point New Jennie, WI 64458","West Corrinehaven","US","05/03/1984","deon.emard@example.org","18288141248","female","in","05/22/1997"
"5","6","recusandae","Mario","Murazik","Furman","1755 Runolfsdottir Field New Agnes, WV 44718-5262","South Barbarahaven","US","03/01/1979","owen76@example.org","17577059304","male","incidunt","08/08/2015"
"6","6","sunt","Breanna","Rohan","Mia","1812 Sabrina Trail Apt. 548 North Fredrickside, ME 01610","Timothyland","US","05/16/1994","plangosh@example.net","15417884193","female","aperiam","01/26/2023"
"7","10","velit","Euna","Simonis","Connie","1507 Pollich Circle Apt. 873 Ortizville, NM 38487","Vallieton","US","04/23/1977","wrempel@example.org","12487701192","female","cum","11/07/1989"
"8","4","similique","Callie","Rowe","Alberta","7212 Padberg Ports Apt. 139 East Enrique, MD 94282","West Daishamouth","US","08/05/1991","lstoltenberg@example.com","18207156822","female","velit","03/20/2006"
"9","7","totam","Twila","Daniel","Marta","6872 Marjory Terrace Apt. 406 West Christ, AZ 68734","Kemmermouth","US","06/24/1995","aohara@example.org","18629421321","female","laudantium","12/03/1987"
"10","10","maiores","Helene","Wintheiser","Brandyn","753 Rory Junction Apt. 159 Muellershire, MT 74477","Simonisshire","US","03/29/1991","barbara.koss@example.net","19369751331","female","ducimus","12/18/2008"
"11","4","reprehenderit","Bernadine","Berge","Martine","5556 Cristina Square Suite 060 East Jessika, OH 47056-3026","West Emmafort","US","12/03/1976","talia.stehr@example.org","14353798869","female","id","09/22/2021"
"12","2","labore","Juvenal","Ernser","Herman","30922 Brown Hill Suite 190 Gislasonfurt, TX 69983","West Faustino","US","07/09/1978","bennie.hills@example.com","17573003606","male","neque","05/29/2010"
"13","10","ut","Hilton","Flatley","Marley","685 Kautzer Land West Luna, AL 46633","Sophieburgh","US","08/30/1987","ullrich.katrine@example.com","19197905612","male","incidunt","11/09/2017"
"14","1","omnis","Matt","Olson","Greyson","4910 Nannie Pike South Dina, RI 56607-3469","Christelleville","US","12/11/1988","cquitzon@example.com","18329365879","male","qui","08/19/1985"
"15","2","reiciendis","Jonas","Kuphal","Mark","292 Bode Drive Suite 827 Schmittmouth, WY 20993-0488","Sipesshire","US","06/19/1995","shayna.hickle@example.net","13468209838","male","quia","07/11/2002"
"16","3","sapiente","Patricia","Thompson","Nora","34917 Natasha Well Zulaufborough, ID 87405","West Shadmouth","US","12/05/1973","jaskolski.alba@example.net","16809599381","female","eius","04/25/2010"
"17","4","distinctio","Ruthie","Homenick","Anya","763 Casey Junctions Lake Justyn, ND 52718","South Terrell","US","10/12/1998","dooley.sylvester@example.org","17027619980","female","nisi","06/19/2003"
"18","8","sunt","Daphney","Schamberger","Yoshiko","806 Hermann Rue Suite 072 South Damonmouth, FL 69359-2063","Antoninaberg","US","09/14/1972","violette.koch@example.com","15712822623","female","et","01/18/1971"
"19","5","sit","Jaylin","Gorczany","Eliezer","160 Elroy Parkway Westberg, NV 77491","Port Maraview","US","01/29/1997","bkiehn@example.net","17178359878","male","sapiente","06/29/1994"
"20","6","ullam","Jerad","Emard","Julio","5130 Schultz Spurs West Alexandria, MI 12628","Jacobsborough","US","07/20/1975","brekke.trent@example.org","18648463038","male","maiores","08/27/1992"
"21","10","sunt","Felicity","Collins","Rahsaan","184 Cornelius Valley Pfeffershire, LA 05774-0807","Eusebioburgh","US","12/14/1973","sophie.glover@example.com","18175466220","female","et","03/02/1980"
"22","8","delectus","Emie","Mayert","Rosamond","670 Misael Key Apt. 651 West Dougmouth, CO 71224-4819","Predovicmouth","US","03/04/1976","gavin.kiehn@example.com","14098208473","female","expedita","07/19/2014"
"23","3","error","Garrick","Grimes","Allen","32316 Elissa Springs Apt. 662 Bartonland, OK 35935","North Christelleside","US","12/04/1986","eldora07@example.net","18787401145","male","voluptatibus","11/27/1984"
"24","8","sequi","Lenna","D'Amore","Noelia","8661 Elmer Wall Apt. 582 Metzton, DC 96173","Sipesstad","US","01/06/1977","lking@example.org","13308811586","female","veniam","02/03/1989"
"25","8","exercitationem","Janiya","Lueilwitz","Emely","89964 Baby Crossing Lake Williamton, RI 95329","South Branson","US","07/12/1985","maximillian.hauck@example.net","18453210743","female","minima","04/03/1987"
"26","7","omnis","Zechariah","Bogisich","John","127 Garth Island Cassinland, NH 52288-1091","Pollichstad","US","01/05/1978","mercedes51@example.net","16515401348","male","a","12/22/1978"
"27","10","quidem","Felipe","Bechtelar","Rowan","50570 Melisa Plaza Apt. 430 New Bernadineberg, DE 02627","Rohanbury","US","07/27/1995","tiara27@example.net","19725869196","male","sunt","12/19/2009"
"28","9","facere","Austen","Collier","Angus","2057 Grayce Village East Jaeden, AK 06692-6808","North Frankie","US","09/15/1983","sabryna35@example.org","14359485331","male","nesciunt","07/01/2003"
"29","6","consequuntur","Destiny","Tromp","Halie","92918 Volkman Roads Apt. 035 South Dahlia, AK 74579-4406","Lake Effie","US","10/28/1995","gjenkins@example.com","13307717036","female","provident","01/04/1971"
"30","3","laudantium","Darryl","Becker","Jaeden","27048 Hoyt Prairie Apt. 364 Luetown, ND 68721","Cummingsview","US","11/03/1977","oarmstrong@example.com","19843700483","male","quis","12/31/2015"
"31","9","architecto","Haleigh","West","Ken","555 Schultz Circles Williamsonland, IN 76913-5304","East Chelsiestad","US","10/16/1993","qaltenwerth@example.org","13462977331","male","consectetur","04/01/1997"
"32","5","nihil","Brandy","Jaskolski","Idella","158 Adela Islands East Sandy, NH 60537-9632","Macejkovicshire","US","03/04/1996","glover.chaim@example.org","19173926009","female","est","07/19/2007"
"33","9","et","Bernhard","Sauer","Rashawn","855 Trantow Underpass Katelinton, IA 58581","Port Harmonyside","US","07/31/1982","jalon05@example.org","19565404858","male","ullam","12/09/1980"
"34","8","explicabo","Rubye","Wehner","Diana","448 Chanelle Ridges Grimesside, DC 00910","Hillsland","US","06/16/1986","geovanny93@example.net","19524674063","female","placeat","08/15/1970"
"35","6","ut","Ethelyn","Armstrong","Rosalinda","818 Gerlach Roads South Birdie, MS 33610","Trantowborough","US","03/16/1988","jeffery.kertzmann@example.net","19859277711","female","quidem","06/10/1970"
"36","3","alias","August","Casper","Orrin","9347 Kulas Corner East Revaland, GA 02062","East Kayla","US","02/04/1977","jade70@example.net","16517905864","male","quam","04/16/1987"
"37","9","eveniet","Itzel","Jacobs","Phyllis","9389 Noble Estates Carolinaborough, WA 43940","West Amira","US","08/03/1980","bonnie.schmidt@example.org","16784335702","female","omnis","08/17/1970"
"38","9","quidem","Dorcas","Mills","Buddy","6264 Conn Stravenue Kennaport, NJ 74071-7064","East Angelita","US","06/03/1996","alynch@example.net","12763415604","male","ut","07/14/2012"
"39","2","suscipit","Jayda","Doyle","Lurline","12427 Kris Causeway Lake Kelvinton, NE 62141-8885","Steubermouth","US","10/07/1983","aliya13@example.org","19384089831","female","nihil","04/07/2022"
"40","7","ut","Benjamin","Lind","Vernon","727 Everette Lakes Lottieberg, DC 18524-8040","Hesselmouth","US","10/21/1994","oral.batz@example.com","13254159218","male","esse","04/14/2017"
"41","6","laboriosam","Angela","Schumm","Ocie","3798 Champlin Prairie Apt. 185 Montanaburgh, VT 78375-9799","Juddview","US","06/04/1997","loma.torphy@example.net","15855661919","female","aut","01/10/2006"
"42","8","earum","Audie","Vandervort","Frederique","638 Gerlach Squares Apt. 323 Stokesborough, IL 86827-4805","Rosannaburgh","US","05/15/1981","bbayer@example.com","14784658339","female","est","08/24/1990"
"43","4","fugit","Nicklaus","Krajcik","Maximillian","9945 Dane Plaza Apt. 421 Maymiemouth, DC 29553","Port Gregorio","US","01/08/1997","brenna11@example.net","19478448797","male","maiores","07/17/1991"
"44","2","quo","Philip","O'Connell","Coby","48392 Percival Villages Lockmanland, VT 42276","Mooreburgh","US","01/30/1979","leora.larson@example.net","18208712291","male","iusto","07/03/1989"
"45","6","aliquam","Everette","Simonis","Lily","9466 Schuster Overpass Suite 746 Considinemouth, MO 06795","Magalifort","US","04/08/1987","umertz@example.net","15715841408","female","voluptas","12/22/2014"
"46","7","labore","Lamont","Renner","Adonis","745 Mikel Causeway Rogersport, SC 14911","New Eldoramouth","US","11/24/1998","joana24@example.net","13619752041","male","non","04/09/1986"
"47","3","porro","Dejuan","Anderson","Nikko","20566 Simonis Falls Beckerfurt, OK 01514","West Estel","US","07/10/1974","eldred53@example.net","15178573336","male","ab","08/22/1998"
"48","8","odit","Bernadette","Quitzon","Lila","14716 Jacobi Falls Apt. 690 Lake Keenanmouth, IL 93653","Borershire","US","01/15/1974","raphael.orn@example.org","14065572526","female","quisquam","06/07/1979"
"49","10","provident","Coralie","Wiza","Darby","7224 Bins Overpass Apt. 034 Eribertoside, UT 19278","Denesikstad","US","11/27/1976","scruickshank@example.com","17757584317","female","blanditiis","03/17/1975"
"50","10","accusantium","Daniella","Hoppe","Shanny","898 Goldner Track Suite 829 East Johnberg, WI 90205","Tobinport","US","12/30/1982","nmcdermott@example.net","16503098836","female","doloremque","06/13/1987"
